,__typename,address,channel,displayDate,displayPrice,features,id,mainImage,url,price,postcode,streetAddress,suburb,bedrooms,bathrooms,parkingSpaces
135,Listing,"{'streetAddress': '3 Naulty Place', 'postcode': '2017', 'suburb': 'Zetland', '__typename': 'ListingAddress'}",rent,Available Now,FROM $440** 4 WEEKS FREE RENT**,"{'bedrooms': 1, 'bathrooms': 1, 'parkingSpaces': 1, '__typename': 'ListingFeatures'}",414437179,"{'uri': '/e81678bc178b06597038e7bffd8e758543ecbd0e415898a8b792d8508df3a84a/main.jpg', 'server': 'https://i3.au.reastatic.net', '__typename': 'ListingMainImage'}",https://www.realestate.com.au/property-apartment-nsw-zetland-414437179,440,2017,3 Naulty Place,Zetland,1,1,1
146,Listing,"{'streetAddress': ""134A O'riordan Street"", 'postcode': '2020', 'suburb': 'Mascot', '__typename': 'ListingAddress'}",rent,Available Now,FROM $470 PER WEEK *2 WEEKS FREE RENT,"{'bedrooms': 1, 'bathrooms': 1, 'parkingSpaces': 1, '__typename': 'ListingFeatures'}",423869394,"{'uri': '/128c09f9a9136dd5df61aee208212cbd850eaca1349e2057cf4fab8d8f5718e7/main.jpg', 'server': 'https://i3.au.reastatic.net', '__typename': 'ListingMainImage'}",https://www.realestate.com.au/property-apartment-nsw-mascot-423869394,470,2020,134A O'riordan Street,Mascot,1,1,1
115,Listing,"{'streetAddress': '8 Studio Drive', 'postcode': '2036', 'suburb': 'Eastgardens', '__typename': 'ListingAddress'}",rent,Available Now,From $480 p/w *4 WEEKS RENT FREE*,"{'bedrooms': 1, 'bathrooms': 1, 'parkingSpaces': 1, '__typename': 'ListingFeatures'}",427038742,"{'uri': '/ca0dc5abf710c12cc941ebae7d4969e0705a1b6641d6c907d1dfa221f4ff079b/main.jpg', 'server': 'https://i3.au.reastatic.net', '__typename': 'ListingMainImage'}",https://www.realestate.com.au/property-apartment-nsw-eastgardens-427038742,480,2036,8 Studio Drive,Eastgardens,1,1,1
153,Listing,"{'streetAddress': '12 Galloway Street', 'postcode': '2020', 'suburb': 'Mascot', '__typename': 'ListingAddress'}",rent,Available 19 Oct 2020,$500 per week ,"{'bedrooms': 1, 'bathrooms': 1, 'parkingSpaces': 1, '__typename': 'ListingFeatures'}",423113386,"{'uri': '/d3aeb16072738f5cb1a5abcf381e9a78cd434aec3b3a17b6b191fed72d4ca461/main.jpg', 'server': 'https://i3.au.reastatic.net', '__typename': 'ListingMainImage'}",https://www.realestate.com.au/property-apartment-nsw-mascot-423113386,500,2020,12 Galloway Street,Mascot,1,1,1
114,Listing,"{'streetAddress': '2 Gearin Alley', 'postcode': '2020', 'suburb': 'Mascot', '__typename': 'ListingAddress'}",rent,Available Now,From $500 per week,"{'bedrooms': 1, 'bathrooms': 1, 'parkingSpaces': 1, '__typename': 'ListingFeatures'}",419885362,"{'uri': '/a6761c0a0e4cb1b27ca7291bd8ee766269511ebd6758754f113bbedcdb118f32/main.jpg', 'server': 'https://i3.au.reastatic.net', '__typename': 'ListingMainImage'}",https://www.realestate.com.au/property-apartment-nsw-mascot-419885362,500,2020,2 Gearin Alley,Mascot,1,1,1
75,Listing,"{'streetAddress': '1 Studio Drive', 'postcode': '2036', 'suburb': 'Eastgardens', '__typename': 'ListingAddress'}",rent,Available Now,FROM $500 PER WEEK **4 WEEKS FREE RENT ** ,"{'bedrooms': 1, 'bathrooms': 1, 'parkingSpaces': 1, '__typename': 'ListingFeatures'}",429554958,"{'uri': '/465664032a64d55a89b734e293f7ca08fd749484d1f4c93c3de2cbd1298ba094/main.jpg', 'server': 'https://i3.au.reastatic.net', '__typename': 'ListingMainImage'}",https://www.realestate.com.au/property-unit-nsw-eastgardens-429554958,500,2036,1 Studio Drive,Eastgardens,1,1,1
150,Listing,"{'streetAddress': '11 Etherden Walk', 'postcode': '2020', 'suburb': 'Mascot', '__typename': 'ListingAddress'}",rent,Available Now,From $530,"{'bedrooms': 1, 'bathrooms': 1, 'parkingSpaces': 1, '__typename': 'ListingFeatures'}",423140862,"{'uri': '/4fb5e51f2c55e34d9794ad3a7e91f5729ff9bb0a33dfb28a1b0f97b647bd68f5/main.jpg', 'server': 'https://i3.au.reastatic.net', '__typename': 'ListingMainImage'}",https://www.realestate.com.au/property-apartment-nsw-mascot-423140862,530,2020,11 Etherden Walk,Mascot,1,1,1
41,Listing,"{'streetAddress': '915/20 Gadigal Ave', 'postcode': '2017', 'suburb': 'Zetland', '__typename': 'ListingAddress'}",rent,Available Now,$530 per week,"{'bedrooms': 1, 'bathrooms': 1, 'parkingSpaces': 1, '__typename': 'ListingFeatures'}",413712647,"{'uri': '/e2cf3ce0d14a296ab117df9b37df14df3b36087617ce41710f32e2a659da4c03/main.jpg', 'server': 'https://i3.au.reastatic.net', '__typename': 'ListingMainImage'}",https://www.realestate.com.au/property-apartment-nsw-zetland-413712647,530,2017,915/20 Gadigal Ave,Zetland,1,1,1
125,Listing,"{'streetAddress': '3 Naulty Place', 'postcode': '2017', 'suburb': 'Zetland', '__typename': 'ListingAddress'}",rent,Available Now,FROM $540 ** 4 WEEKS FREE RENT**,"{'bedrooms': 2, 'bathrooms': 2, 'parkingSpaces': 1, '__typename': 'ListingFeatures'}",414437335,"{'uri': '/e294a9b3c65794e515d70d730c0cf7c263b11301eaa0be339d10ee59a4f7ae9c/main.jpg', 'server': 'https://i3.au.reastatic.net', '__typename': 'ListingMainImage'}",https://www.realestate.com.au/property-apartment-nsw-zetland-414437335,540,2017,3 Naulty Place,Zetland,2,2,1
156,Listing,"{'streetAddress': '1 Finch Drive', 'postcode': '2036', 'suburb': 'Eastgardens', '__typename': 'ListingAddress'}",rent,Available Now,FROM $550 PER WEEK ,"{'bedrooms': 1, 'bathrooms': 1, 'parkingSpaces': 1, '__typename': 'ListingFeatures'}",423100886,"{'uri': '/2781c1da130159d58d5d4e73c6a7a2ae00231a76e904f22945c8f0a95c8397bf/main.jpg', 'server': 'https://i3.au.reastatic.net', '__typename': 'ListingMainImage'}",https://www.realestate.com.au/property-apartment-nsw-eastgardens-423100886,550,2036,1 Finch Drive,Eastgardens,1,1,1
127,Listing,"{'streetAddress': '836/6 Etherden Walk', 'postcode': '2020', 'suburb': 'Mascot', '__typename': 'ListingAddress'}",rent,Available 24 Oct 2020,$550 per week,"{'bedrooms': 1, 'bathrooms': 1, 'parkingSpaces': 1, '__typename': 'ListingFeatures'}",418623738,"{'uri': '/95abd9194edda9309e12333f2fb24e4ea49b2336c1045a7756db692f799dcf8e/main.jpg', 'server': 'https://i3.au.reastatic.net', '__typename': 'ListingMainImage'}",https://www.realestate.com.au/property-apartment-nsw-mascot-418623738,550,2020,836/6 Etherden Walk,Mascot,1,1,1
141,Listing,"{'streetAddress': '14 Defries Avenue', 'postcode': '2017', 'suburb': 'Zetland', '__typename': 'ListingAddress'}",rent,Available Now,FROM $560 WITH 4 WEEKS FREE!!!,"{'bedrooms': 2, 'bathrooms': 2, 'parkingSpaces': 1, '__typename': 'ListingFeatures'}",413854975,"{'uri': '/6cb575402eecad59fb76014bbf262f658f94057b5bd077976142e2bf6dcab7b1/main.jpg', 'server': 'https://i3.au.reastatic.net', '__typename': 'ListingMainImage'}",https://www.realestate.com.au/property-apartment-nsw-zetland-413854975,560,2017,14 Defries Avenue,Zetland,2,2,1
137,Listing,"{'streetAddress': '26 Danks St Waterloo', 'postcode': '2017', 'suburb': 'Waterloo', '__typename': 'ListingAddress'}",rent,Available Now,From $560 per week 4 WEEKS RENT FREE,"{'bedrooms': 2, 'bathrooms': 2, 'parkingSpaces': 1, '__typename': 'ListingFeatures'}",411646743,"{'uri': '/8a7973ccb1db23527faa234141c239bb32fa1e017598e75a620854499b5f28ca/main.jpg', 'server': 'https://i3.au.reastatic.net', '__typename': 'ListingMainImage'}",https://www.realestate.com.au/property-apartment-nsw-waterloo-411646743,560,2017,26 Danks St Waterloo,Waterloo,2,2,1
161,Listing,"{'streetAddress': '811 South Dowling St', 'postcode': '2017', 'suburb': 'Waterloo', '__typename': 'ListingAddress'}",rent,Available Now,FROM $570 per week 4 WEEKS RENT FREE,"{'bedrooms': 2, 'bathrooms': 1, 'parkingSpaces': 1, '__typename': 'ListingFeatures'}",414693983,"{'uri': '/ba72ce6b65faf7bbd21cb943a21d90bd0e347f1747249a3d5fe5eb28b99bc0fb/main.jpg', 'server': 'https://i3.au.reastatic.net', '__typename': 'ListingMainImage'}",https://www.realestate.com.au/property-apartment-nsw-waterloo-414693983,570,2017,811 South Dowling St,Waterloo,2,1,1
145,Listing,"{'streetAddress': ""134A O'riordan Street"", 'postcode': '2020', 'suburb': 'Mascot', '__typename': 'ListingAddress'}",rent,Available Now,From $600 p/w *2 WEEK FREE RENT,"{'bedrooms': 2, 'bathrooms': 2, 'parkingSpaces': 1, '__typename': 'ListingFeatures'}",423869570,"{'uri': '/57a9992dfe73a09f74081e3e0318b17c02de348dda4b800889b6c2196dee9ff0/main.jpg', 'server': 'https://i3.au.reastatic.net', '__typename': 'ListingMainImage'}",https://www.realestate.com.au/property-apartment-nsw-mascot-423869570,600,2020,134A O'riordan Street,Mascot,2,2,1
7,Listing,"{'streetAddress': '48/635 Gardeners Rd', 'postcode': '2020', 'suburb': 'Mascot', '__typename': 'ListingAddress'}",rent,Available Now,$600 per week,"{'bedrooms': 2, 'bathrooms': 2, 'parkingSpaces': 2, '__typename': 'ListingFeatures'}",411854147,"{'uri': '/dd51fb1b4a397fb8b570474480128298e7c046344f0373c4dddad4544ccef46c/main.jpg', 'server': 'https://i3.au.reastatic.net', '__typename': 'ListingMainImage'}",https://www.realestate.com.au/property-apartment-nsw-mascot-411854147,600,2020,48/635 Gardeners Rd,Mascot,2,2,2
14,Listing,"{'streetAddress': '218/11 Potter St', 'postcode': '2017', 'suburb': 'Waterloo', '__typename': 'ListingAddress'}",rent,Available 23 Oct 2020,$600 per week,"{'bedrooms': 2, 'bathrooms': 2, 'parkingSpaces': 1, '__typename': 'ListingFeatures'}",422305750,"{'uri': '/2cda6767c98acc5544a1c0d2d231baae042ea50cfd3a97f7c712b90cbcaf21a2/main.jpg', 'server': 'https://i3.au.reastatic.net', '__typename': 'ListingMainImage'}",https://www.realestate.com.au/property-apartment-nsw-waterloo-422305750,600,2017,218/11 Potter St,Waterloo,2,2,1
74,Listing,"{'streetAddress': '1 Studio Drive', 'postcode': '2036', 'suburb': 'Eastgardens', '__typename': 'ListingAddress'}",rent,Available Now,FROM $600 PER WEEK **4 WEEKS FREE RENT ** ,"{'bedrooms': 2, 'bathrooms': 2, 'parkingSpaces': 1, '__typename': 'ListingFeatures'}",429555034,"{'uri': '/a3cdcd80c84c3fa386eaf12d4a4af6ef2837f5e9f51be1ab4c4f1a47a1a65ded/main.jpg', 'server': 'https://i3.au.reastatic.net', '__typename': 'ListingMainImage'}",https://www.realestate.com.au/property-unit-nsw-eastgardens-429555034,600,2036,1 Studio Drive,Eastgardens,2,2,1
134,Listing,"{'streetAddress': '8 Studio Drive', 'postcode': '2036', 'suburb': 'Eastgardens', '__typename': 'ListingAddress'}",rent,Available Now,From $610 p/w *2 WEEKS RENT FREE*,"{'bedrooms': 2, 'bathrooms': 2, 'parkingSpaces': 1, '__typename': 'ListingFeatures'}",424731278,"{'uri': '/062509b2bc9344c2c60bd04e5baa18b3eacb7d317ffb1dd77337f94d98f58989/main.jpg', 'server': 'https://i3.au.reastatic.net', '__typename': 'ListingMainImage'}",https://www.realestate.com.au/property-apartment-nsw-eastgardens-424731278,610,2036,8 Studio Drive,Eastgardens,2,2,1
119,Listing,"{'streetAddress': '3 Finch Drive', 'postcode': '2036', 'suburb': 'Eastgardens', '__typename': 'ListingAddress'}",rent,Available Now,2 WEEKS FREE RENT $610 PER WEEK,"{'bedrooms': 2, 'bathrooms': 2, 'parkingSpaces': 1, '__typename': 'ListingFeatures'}",427949294,"{'uri': '/5be5636641465942846045e2be5f1eec285995848a6835b1149f8477ba15f53f/main.jpg', 'server': 'https://i3.au.reastatic.net', '__typename': 'ListingMainImage'}",https://www.realestate.com.au/property-apartment-nsw-eastgardens-427949294,610,2036,3 Finch Drive,Eastgardens,2,2,1
124,Listing,"{'streetAddress': '3 Gearin Alley', 'postcode': '2020', 'suburb': 'Mascot', '__typename': 'ListingAddress'}",rent,Available Now,From $620,"{'bedrooms': 2, 'bathrooms': 2, 'parkingSpaces': 1, '__typename': 'ListingFeatures'}",419111682,"{'uri': '/f97018defbddb8a6e5001fc07de2539f2dd0cfd7d0fdaa2a73d3323d952b16d3/main.jpg', 'server': 'https://i3.au.reastatic.net', '__typename': 'ListingMainImage'}",https://www.realestate.com.au/property-apartment-nsw-mascot-419111682,620,2020,3 Gearin Alley,Mascot,2,2,1
155,Listing,"{'streetAddress': '1 Finch Drive', 'postcode': '2036', 'suburb': 'Eastgardens', '__typename': 'ListingAddress'}",rent,Available Now,FROM $640 PER WEEK,"{'bedrooms': 2, 'bathrooms': 2, 'parkingSpaces': 2, '__typename': 'ListingFeatures'}",423100910,"{'uri': '/2781c1da130159d58d5d4e73c6a7a2ae00231a76e904f22945c8f0a95c8397bf/main.jpg', 'server': 'https://i3.au.reastatic.net', '__typename': 'ListingMainImage'}",https://www.realestate.com.au/property-apartment-nsw-eastgardens-423100910,640,2036,1 Finch Drive,Eastgardens,2,2,2
142,Listing,"{'streetAddress': '675 Gardeners Road', 'postcode': '2020', 'suburb': 'Mascot', '__typename': 'ListingAddress'}",rent,Available Now,From $640 2 WEEKS RENT FREE ,"{'bedrooms': 2, 'bathrooms': 2, 'parkingSpaces': 1, '__typename': 'ListingFeatures'}",425714034,"{'uri': '/206aace5d05402a4ff016eaf8173ae8f145292ce5dc3e75de3e3c2480ba4875f/main.jpg', 'server': 'https://i3.au.reastatic.net', '__typename': 'ListingMainImage'}",https://www.realestate.com.au/property-apartment-nsw-mascot-425714034,640,2020,675 Gardeners Road,Mascot,2,2,1
85,Listing,"{'streetAddress': '1129/44 Church Ave', 'postcode': '2020', 'suburb': 'Mascot', '__typename': 'ListingAddress'}",rent,Available Now,$650 per week,"{'bedrooms': 2, 'bathrooms': 2, 'parkingSpaces': 1, '__typename': 'ListingFeatures'}",426301590,"{'uri': '/bfa42c2291d89daeef4c11583625ec9ef6db607efc7cbf5eef017ec27eb8327b/main.jpg', 'server': 'https://i3.au.reastatic.net', '__typename': 'ListingMainImage'}",https://www.realestate.com.au/property-unit-nsw-mascot-426301590,650,2020,1129/44 Church Ave,Mascot,2,2,1
21,Listing,"{'streetAddress': 'G50/1 Kirby Walk', 'postcode': '2017', 'suburb': 'Zetland', '__typename': 'ListingAddress'}",rent,Available Now,$650 per week,"{'bedrooms': 2, 'bathrooms': 2, 'parkingSpaces': 1, '__typename': 'ListingFeatures'}",420755778,"{'uri': '/fce72a7f322a698ca3dea463cce4a2e6fb738257640d976bdfc8ce961854db97/main.jpg', 'server': 'https://i3.au.reastatic.net', '__typename': 'ListingMainImage'}",https://www.realestate.com.au/property-unit-nsw-zetland-420755778,650,2017,G50/1 Kirby Walk,Zetland,2,2,1
147,Listing,"{'streetAddress': '887 south dowling st', 'postcode': '2017', 'suburb': 'Waterloo', '__typename': 'ListingAddress'}",rent,Available Now,FROM $650 per week  *4 WEEKS FREE*,"{'bedrooms': 2, 'bathrooms': 2, 'parkingSpaces': 1, '__typename': 'ListingFeatures'}",415554439,"{'uri': '/66d11d1db56ef662ae0bcebbd1578500a9713c9422435462f15bc60df2a51be8/main.jpg', 'server': 'https://i3.au.reastatic.net', '__typename': 'ListingMainImage'}",https://www.realestate.com.au/property-apartment-nsw-waterloo-415554439,650,2017,887 south dowling st,Waterloo,2,2,1
48,Listing,"{'streetAddress': '1005/6 Lachlan St', 'postcode': '2017', 'suburb': 'Waterloo', '__typename': 'ListingAddress'}",rent,Available Now,$650 per week,"{'bedrooms': 2, 'bathrooms': 2, 'parkingSpaces': 1, '__typename': 'ListingFeatures'}",430041718,"{'uri': '/78d9c5b7738e1cc8e4b8e96678a17d15f24efc6c1abf44ba8c929fbe0497f2f9/main.jpg', 'server': 'https://i3.au.reastatic.net', '__typename': 'ListingMainImage'}",https://www.realestate.com.au/property-apartment-nsw-waterloo-430041718,650,2017,1005/6 Lachlan St,Waterloo,2,2,1
55,Listing,"{'streetAddress': '622/7 Potter St', 'postcode': '2017', 'suburb': 'Waterloo', '__typename': 'ListingAddress'}",rent,Available Now,$650 per week,"{'bedrooms': 2, 'bathrooms': 2, 'parkingSpaces': 1, '__typename': 'ListingFeatures'}",429944266,"{'uri': '/df429b59c90f1ea994ffa54dcd8fe0008c1d5477c1c0e246bd1c8e0293e521c2/main.jpg', 'server': 'https://i3.au.reastatic.net', '__typename': 'ListingMainImage'}",https://www.realestate.com.au/property-unit-nsw-waterloo-429944266,650,2017,622/7 Potter St,Waterloo,2,2,1
86,Listing,"{'streetAddress': '622/7 Potter Street', 'postcode': '2017', 'suburb': 'Waterloo', '__typename': 'ListingAddress'}",rent,Available Now,$650 per week,"{'bedrooms': 2, 'bathrooms': 2, 'parkingSpaces': 1, '__typename': 'ListingFeatures'}",429168330,"{'uri': '/df429b59c90f1ea994ffa54dcd8fe0008c1d5477c1c0e246bd1c8e0293e521c2/main.jpg', 'server': 'https://i3.au.reastatic.net', '__typename': 'ListingMainImage'}",https://www.realestate.com.au/property-unit-nsw-waterloo-429168330,650,2017,622/7 Potter Street,Waterloo,2,2,1
60,Listing,"{'streetAddress': '8 Studio Drive', 'postcode': '2036', 'suburb': 'Eastgardens', '__typename': 'ListingAddress'}",rent,Available Now,TWO BEDROOM PLUS STUDY FROM $660 ,"{'bedrooms': 2, 'bathrooms': 2, 'parkingSpaces': 1, '__typename': 'ListingFeatures'}",424770990,"{'uri': '/b5bce1d0f76016779c8e376ef90000e7d31c8a6680e3d03ffaf76413f5ae100c/main.jpg', 'server': 'https://i3.au.reastatic.net', '__typename': 'ListingMainImage'}",https://www.realestate.com.au/property-apartment-nsw-eastgardens-424770990,660,2036,8 Studio Drive,Eastgardens,2,2,1
157,Listing,"{'streetAddress': '11 Etherden Walk', 'postcode': '2020', 'suburb': 'Mascot', '__typename': 'ListingAddress'}",rent,Available Now,From $660,"{'bedrooms': 2, 'bathrooms': 2, 'parkingSpaces': 1, '__typename': 'ListingFeatures'}",417922330,"{'uri': '/4fb5e51f2c55e34d9794ad3a7e91f5729ff9bb0a33dfb28a1b0f97b647bd68f5/main.jpg', 'server': 'https://i3.au.reastatic.net', '__typename': 'ListingMainImage'}",https://www.realestate.com.au/property-apartment-nsw-mascot-417922330,660,2020,11 Etherden Walk,Mascot,2,2,1
83,Listing,"{'streetAddress': '626/44 Church Ave', 'postcode': '2020', 'suburb': 'Mascot', '__typename': 'ListingAddress'}",rent,Available 15 Oct 2020,$660 per week,"{'bedrooms': 2, 'bathrooms': 2, 'parkingSpaces': 1, '__typename': 'ListingFeatures'}",426301562,"{'uri': '/bfa42c2291d89daeef4c11583625ec9ef6db607efc7cbf5eef017ec27eb8327b/main.jpg', 'server': 'https://i3.au.reastatic.net', '__typename': 'ListingMainImage'}",https://www.realestate.com.au/property-unit-nsw-mascot-426301562,660,2020,626/44 Church Ave,Mascot,2,2,1
152,Listing,"{'streetAddress': '12 Galloway Street', 'postcode': '2020', 'suburb': 'Mascot', '__typename': 'ListingAddress'}",rent,Available Now,$670 per week ,"{'bedrooms': 2, 'bathrooms': 2, 'parkingSpaces': 1, '__typename': 'ListingFeatures'}",423113534,"{'uri': '/d3aeb16072738f5cb1a5abcf381e9a78cd434aec3b3a17b6b191fed72d4ca461/main.jpg', 'server': 'https://i3.au.reastatic.net', '__typename': 'ListingMainImage'}",https://www.realestate.com.au/property-apartment-nsw-mascot-423113534,670,2020,12 Galloway Street,Mascot,2,2,1
94,Listing,"{'streetAddress': '40 Mcevoy street', 'postcode': '2017', 'suburb': 'Waterloo', '__typename': 'ListingAddress'}",rent,Available Now,$680 per week,"{'bedrooms': 2, 'bathrooms': 2, 'parkingSpaces': 1, '__typename': 'ListingFeatures'}",417174118,"{'uri': '/5cd23727c140aa499ed1b351b133df6e5de59baf330af72a9f50f24b9c2ce6b8/main.jpg', 'server': 'https://i3.au.reastatic.net', '__typename': 'ListingMainImage'}",https://www.realestate.com.au/property-apartment-nsw-waterloo-417174118,680,2017,40 Mcevoy street,Waterloo,2,2,1
43,Listing,"{'streetAddress': '1313/20 Gadigal Ave', 'postcode': '2017', 'suburb': 'Zetland', '__typename': 'ListingAddress'}",rent,Available Now,$680 per week,"{'bedrooms': 2, 'bathrooms': 2, 'parkingSpaces': 1, '__typename': 'ListingFeatures'}",413488947,"{'uri': '/f31abeec5c5e223496b30f4e95955fc3663b10316c9c1417ad24718677704052/main.jpg', 'server': 'https://i3.au.reastatic.net', '__typename': 'ListingMainImage'}",https://www.realestate.com.au/property-apartment-nsw-zetland-413488947,680,2017,1313/20 Gadigal Ave,Zetland,2,2,1
154,Listing,"{'streetAddress': '1 Finch Drive', 'postcode': '2036', 'suburb': 'Eastgardens', '__typename': 'ListingAddress'}",rent,Available 15 Oct 2020,FROM $720 PER WEEK *2 WEEKS FREE,"{'bedrooms': 3, 'bathrooms': 2, 'parkingSpaces': 2, '__typename': 'ListingFeatures'}",423100918,"{'uri': '/2781c1da130159d58d5d4e73c6a7a2ae00231a76e904f22945c8f0a95c8397bf/main.jpg', 'server': 'https://i3.au.reastatic.net', '__typename': 'ListingMainImage'}",https://www.realestate.com.au/property-apartment-nsw-eastgardens-423100918,720,2036,1 Finch Drive,Eastgardens,3,2,2
160,Listing,"{'streetAddress': '11 Etherden Walk', 'postcode': '2020', 'suburb': 'Mascot', '__typename': 'ListingAddress'}",rent,Available Now,From $730,"{'bedrooms': 3, 'bathrooms': 2, 'parkingSpaces': 2, '__typename': 'ListingFeatures'}",418623438,"{'uri': '/4fb5e51f2c55e34d9794ad3a7e91f5729ff9bb0a33dfb28a1b0f97b647bd68f5/main.jpg', 'server': 'https://i3.au.reastatic.net', '__typename': 'ListingMainImage'}",https://www.realestate.com.au/property-unit-nsw-mascot-418623438,730,2020,11 Etherden Walk,Mascot,3,2,2
136,Listing,"{'streetAddress': '8  Studio Drive', 'postcode': '2036', 'suburb': 'Eastgardens', '__typename': 'ListingAddress'}",rent,Available Now,From $740 p/w *4 WEEKS RENT FREE*,"{'bedrooms': 3, 'bathrooms': 2, 'parkingSpaces': 2, '__typename': 'ListingFeatures'}",426291970,"{'uri': '/b334b656906f91b255fedbde28d9b39a8b1705caaee5a6c81173dd6faf02dce8/main.jpg', 'server': 'https://i3.au.reastatic.net', '__typename': 'ListingMainImage'}",https://www.realestate.com.au/property-apartment-nsw-eastgardens-426291970,740,2036,8  Studio Drive,Eastgardens,3,2,2
62,Listing,"{'streetAddress': '710/20 Gadigal Ave', 'postcode': '2017', 'suburb': 'Zetland', '__typename': 'ListingAddress'}",rent,Available Now,$750 PER WEEK - 2 WEEKS RENT FREE,"{'bedrooms': 2, 'bathrooms': 2, 'parkingSpaces': 1, '__typename': 'ListingFeatures'}",414862879,"{'uri': '/e5fd244996c1ed239ae6b697abb4e337b747a1a4665e2d6283e7f91d9b7cfd7a/main.jpg', 'server': 'https://i3.au.reastatic.net', '__typename': 'ListingMainImage'}",https://www.realestate.com.au/property-apartment-nsw-zetland-414862879,750,2017,710/20 Gadigal Ave,Zetland,2,2,1
102,Listing,"{'streetAddress': ""134A O'riordan Street"", 'postcode': '2020', 'suburb': 'Mascot', '__typename': 'ListingAddress'}",rent,Available Now,FROM $750 *2 WEEKS FREE RENT,"{'bedrooms': 3, 'bathrooms': 2, 'parkingSpaces': 1, '__typename': 'ListingFeatures'}",428784778,"{'uri': '/d5693320c879318ce12308825ab8e21aa235676f503f7b302301d5ae8b52c70a/main.jpg', 'server': 'https://i3.au.reastatic.net', '__typename': 'ListingMainImage'}",https://www.realestate.com.au/property-apartment-nsw-mascot-428784778,750,2020,134A O'riordan Street,Mascot,3,2,1
151,Listing,"{'streetAddress': '12 Galloway Street', 'postcode': '2020', 'suburb': 'Mascot', '__typename': 'ListingAddress'}",rent,Available Now, From $770 per week ,"{'bedrooms': 3, 'bathrooms': 2, 'parkingSpaces': 2, '__typename': 'ListingFeatures'}",423113670,"{'uri': '/d3aeb16072738f5cb1a5abcf381e9a78cd434aec3b3a17b6b191fed72d4ca461/main.jpg', 'server': 'https://i3.au.reastatic.net', '__typename': 'ListingMainImage'}",https://www.realestate.com.au/property-apartment-nsw-mascot-423113670,770,2020,12 Galloway Street,Mascot,3,2,2
93,Listing,"{'streetAddress': '2  Gearin Alley', 'postcode': '2020', 'suburb': 'Mascot', '__typename': 'ListingAddress'}",rent,Available Now,$780 per week,"{'bedrooms': 3, 'bathrooms': 2, 'parkingSpaces': 2, '__typename': 'ListingFeatures'}",419885402,"{'uri': '/a6761c0a0e4cb1b27ca7291bd8ee766269511ebd6758754f113bbedcdb118f32/main.jpg', 'server': 'https://i3.au.reastatic.net', '__typename': 'ListingMainImage'}",https://www.realestate.com.au/property-apartment-nsw-mascot-419885402,780,2020,2  Gearin Alley,Mascot,3,2,2
96,Listing,"{'streetAddress': '14 Defries Ave', 'postcode': '2017', 'suburb': 'Zetland', '__typename': 'ListingAddress'}",rent,Available 15 Oct 2020, $780 per week 4 weeks rent free!!!!,"{'bedrooms': 3, 'bathrooms': 2, 'parkingSpaces': 1, '__typename': 'ListingFeatures'}",415231843,"{'uri': '/b6ce24e281c84544bbacebb26242031ad0b6ff9400d8152f23a117bef20595e6/main.jpg', 'server': 'https://i3.au.reastatic.net', '__typename': 'ListingMainImage'}",https://www.realestate.com.au/property-apartment-nsw-zetland-415231843,780,2017,14 Defries Ave,Zetland,3,2,1
118,Listing,"{'streetAddress': '3 Finch Drive', 'postcode': '2036', 'suburb': 'Eastgardens', '__typename': 'ListingAddress'}",rent,Available Now,$820 per week 2 WEEK FREE RENT,"{'bedrooms': 3, 'bathrooms': 2, 'parkingSpaces': 2, '__typename': 'ListingFeatures'}",427949498,"{'uri': '/5be5636641465942846045e2be5f1eec285995848a6835b1149f8477ba15f53f/main.jpg', 'server': 'https://i3.au.reastatic.net', '__typename': 'ListingMainImage'}",https://www.realestate.com.au/property-unit-nsw-eastgardens-427949498,820,2036,3 Finch Drive,Eastgardens,3,2,2
73,Listing,"{'streetAddress': '1 Studio Drive', 'postcode': '2036', 'suburb': 'Eastgardens', '__typename': 'ListingAddress'}",rent,Available 31 Oct 2020,FROM $850 PER WEEK **2 WEEKS FREE RENT ** ,"{'bedrooms': 3, 'bathrooms': 2, 'parkingSpaces': 2, '__typename': 'ListingFeatures'}",429555118,"{'uri': '/a3cdcd80c84c3fa386eaf12d4a4af6ef2837f5e9f51be1ab4c4f1a47a1a65ded/main.jpg', 'server': 'https://i3.au.reastatic.net', '__typename': 'ListingMainImage'}",https://www.realestate.com.au/property-unit-nsw-eastgardens-429555118,850,2036,1 Studio Drive,Eastgardens,3,2,2
108,Listing,"{'streetAddress': '8 Studio Drive', 'postcode': '2036', 'suburb': 'Eastgardens', '__typename': 'ListingAddress'}",rent,Available Now,3 BEDROOM PLUS STUDY FROM $850 ,"{'bedrooms': 3, 'bathrooms': 2, 'parkingSpaces': 2, '__typename': 'ListingFeatures'}",426432146,"{'uri': '/b5bce1d0f76016779c8e376ef90000e7d31c8a6680e3d03ffaf76413f5ae100c/main.jpg', 'server': 'https://i3.au.reastatic.net', '__typename': 'ListingMainImage'}",https://www.realestate.com.au/property-apartment-nsw-eastgardens-426432146,850,2036,8 Studio Drive,Eastgardens,3,2,2
51,Listing,"{'streetAddress': '506/6 Lachlan st', 'postcode': '2017', 'suburb': 'Waterloo', '__typename': 'ListingAddress'}",rent,Available Now,$875 per week,"{'bedrooms': 3, 'bathrooms': 2, 'parkingSpaces': 2, '__typename': 'ListingFeatures'}",429996674,"{'uri': '/5bb0f5b576d5d45285b1112cce557eb0277aa5fa1c2452c347111501ba7d8df2/main.jpg', 'server': 'https://i3.au.reastatic.net', '__typename': 'ListingMainImage'}",https://www.realestate.com.au/property-apartment-nsw-waterloo-429996674,875,2017,506/6 Lachlan st,Waterloo,3,2,2
16,Listing,"{'streetAddress': '414/42  Church ave', 'postcode': '2020', 'suburb': 'Mascot', '__typename': 'ListingAddress'}",rent,Available Now,$880 per week,"{'bedrooms': 3, 'bathrooms': 2, 'parkingSpaces': 2, '__typename': 'ListingFeatures'}",426705430,"{'uri': '/684da320c2e217ab895ea2ef75d9ee5a9fe57aaa46d06069e8387bfa591eda25/main.jpg', 'server': 'https://i3.au.reastatic.net', '__typename': 'ListingMainImage'}",https://www.realestate.com.au/property-unit-nsw-mascot-426705430,880,2020,414/42  Church ave,Mascot,3,2,2
116,Listing,"{'streetAddress': '424/44 Church Ave', 'postcode': '2020', 'suburb': 'Mascot', '__typename': 'ListingAddress'}",rent,Available 15 Oct 2020,$950 per week,"{'bedrooms': 3, 'bathrooms': 2, 'parkingSpaces': 2, '__typename': 'ListingFeatures'}",426680950,"{'uri': '/684da320c2e217ab895ea2ef75d9ee5a9fe57aaa46d06069e8387bfa591eda25/main.jpg', 'server': 'https://i3.au.reastatic.net', '__typename': 'ListingMainImage'}",https://www.realestate.com.au/property-unit-nsw-mascot-426680950,950,2020,424/44 Church Ave,Mascot,3,2,2
131,Listing,"{'streetAddress': '887 South Dowling St', 'postcode': '2017', 'suburb': 'Waterloo', '__typename': 'ListingAddress'}",rent,Available 22 Oct 2020,FROM $950 per week *2 WEEKS FREE* ,"{'bedrooms': 3, 'bathrooms': 2, 'parkingSpaces': 1, '__typename': 'ListingFeatures'}",416054797,"{'uri': '/66d11d1db56ef662ae0bcebbd1578500a9713c9422435462f15bc60df2a51be8/main.jpg', 'server': 'https://i3.au.reastatic.net', '__typename': 'ListingMainImage'}",https://www.realestate.com.au/property-apartment-nsw-waterloo-416054797,950,2017,887 South Dowling St,Waterloo,3,2,1
39,Listing,"{'streetAddress': '3 Naulty Place', 'postcode': '2017', 'suburb': 'Zetland', '__typename': 'ListingAddress'}",rent,Available 22 Oct 2020,FROM $970 ** 4 WEEKS RENT FREE**,"{'bedrooms': 3, 'bathrooms': 2, 'parkingSpaces': 2, '__typename': 'ListingFeatures'}",413488915,"{'uri': '/a9fa0ea1bed8cf189d05d4f245fda52a9ef07543d385ab8291805b7ce5c2905c/main.jpg', 'server': 'https://i3.au.reastatic.net', '__typename': 'ListingMainImage'}",https://www.realestate.com.au/property-apartment-nsw-zetland-413488915,970,2017,3 Naulty Place,Zetland,3,2,2
